,Area,Item,Element,Unit,Y2017
2,Afghanistan,Grand Total,Food supply (kcal/capita/day),kcal/capita/day,2000.0
3,Afghanistan,Grand Total,Protein supply quantity (g/capita/day),g/capita/day,54.09
4,Afghanistan,Grand Total,Fat supply quantity (g/capita/day),g/capita/day,30.62
1722,Albania,Grand Total,Food supply (kcal/capita/day),kcal/capita/day,3400.0
1723,Albania,Grand Total,Protein supply quantity (g/capita/day),g/capita/day,119.55
1724,Albania,Grand Total,Fat supply quantity (g/capita/day),g/capita/day,117.64
2995,Algeria,Grand Total,Food supply (kcal/capita/day),kcal/capita/day,3349.0
2996,Algeria,Grand Total,Protein supply quantity (g/capita/day),g/capita/day,92.91
2997,Algeria,Grand Total,Fat supply quantity (g/capita/day),g/capita/day,79.69
4385,Angola,Grand Total,Food supply (kcal/capita/day),kcal/capita/day,2270.0
4386,Angola,Grand Total,Protein supply quantity (g/capita/day),g/capita/day,54.11
4387,Angola,Grand Total,Fat supply quantity (g/capita/day),g/capita/day,48.74
6239,Antigua and Barbuda,Grand Total,Food supply (kcal/capita/day),kcal/capita/day,2430.0
6240,Antigua and Barbuda,Grand Total,Protein supply quantity (g/capita/day),g/capita/day,81.45
6241,Antigua and Barbuda,Grand Total,Fat supply quantity (g/capita/day),g/capita/day,89.11
7590,Argentina,Grand Total,Food supply (kcal/capita/day),kcal/capita/day,3239.0
7591,Argentina,Grand Total,Protein supply quantity (g/capita/day),g/capita/day,102.71
7592,Argentina,Grand Total,Fat supply quantity (g/capita/day),g/capita/day,117.16
8954,Armenia,Grand Total,Food supply (kcal/capita/day),kcal/capita/day,3078.0
8955,Armenia,Grand Total,Protein supply quantity (g/capita/day),g/capita/day,97.37
8956,Armenia,Grand Total,Fat supply quantity (g/capita/day),g/capita/day,96.93
10247,Australia,Grand Total,Food supply (kcal/capita/day),kcal/capita/day,3311.0
10248,Australia,Grand Total,Protein supply quantity (g/capita/day),g/capita/day,108.1
10249,Australia,Grand Total,Fat supply quantity (g/capita/day),g/capita/day,153.92
11671,Austria,Grand Total,Food supply (kcal/capita/day),kcal/capita/day,3692.0
11672,Austria,Grand Total,Protein supply quantity (g/capita/day),g/capita/day,108.13
11673,Austria,Grand Total,Fat supply quantity (g/capita/day),g/capita/day,166.72
13059,Azerbaijan,Grand Total,Food supply (kcal/capita/day),kcal/capita/day,3103.0
13060,Azerbaijan,Grand Total,Protein supply quantity (g/capita/day),g/capita/day,92.35
13061,Azerbaijan,Grand Total,Fat supply quantity (g/capita/day),g/capita/day,58.92
14375,Bahamas,Grand Total,Food supply (kcal/capita/day),kcal/capita/day,2043.0
14376,Bahamas,Grand Total,Protein supply quantity (g/capita/day),g/capita/day,61.47
14377,Bahamas,Grand Total,Fat supply quantity (g/capita/day),g/capita/day,71.7
15736,Bangladesh,Grand Total,Food supply (kcal/capita/day),kcal/capita/day,2596.0
15737,Bangladesh,Grand Total,Protein supply quantity (g/capita/day),g/capita/day,60.28
15738,Bangladesh,Grand Total,Fat supply quantity (g/capita/day),g/capita/day,33.95
17628,Barbados,Grand Total,Food supply (kcal/capita/day),kcal/capita/day,2896.0
17629,Barbados,Grand Total,Protein supply quantity (g/capita/day),g/capita/day,89.25
17630,Barbados,Grand Total,Fat supply quantity (g/capita/day),g/capita/day,92.75
19019,Belarus,Grand Total,Food supply (kcal/capita/day),kcal/capita/day,3289.0
19020,Belarus,Grand Total,Protein supply quantity (g/capita/day),g/capita/day,94.1
19021,Belarus,Grand Total,Fat supply quantity (g/capita/day),g/capita/day,125.22
20348,Belgium,Grand Total,Food supply (kcal/capita/day),kcal/capita/day,3768.0
20349,Belgium,Grand Total,Protein supply quantity (g/capita/day),g/capita/day,101.55
20350,Belgium,Grand Total,Fat supply quantity (g/capita/day),g/capita/day,155.93
21739,Belize,Grand Total,Food supply (kcal/capita/day),kcal/capita/day,2698.0
21740,Belize,Grand Total,Protein supply quantity (g/capita/day),g/capita/day,67.18
21741,Belize,Grand Total,Fat supply quantity (g/capita/day),g/capita/day,80.62
23110,Benin,Grand Total,Food supply (kcal/capita/day),kcal/capita/day,2756.0
23111,Benin,Grand Total,Protein supply quantity (g/capita/day),g/capita/day,64.44
23112,Benin,Grand Total,Fat supply quantity (g/capita/day),g/capita/day,58.14
24514,Bolivia (Plurinational State of),Grand Total,Food supply (kcal/capita/day),kcal/capita/day,2354.0
24515,Bolivia (Plurinational State of),Grand Total,Protein supply quantity (g/capita/day),g/capita/day,68.46
24516,Bolivia (Plurinational State of),Grand Total,Fat supply quantity (g/capita/day),g/capita/day,57.33
26372,Bosnia and Herzegovina,Grand Total,Food supply (kcal/capita/day),kcal/capita/day,3269.0
26373,Bosnia and Herzegovina,Grand Total,Protein supply quantity (g/capita/day),g/capita/day,94.71
26374,Bosnia and Herzegovina,Grand Total,Fat supply quantity (g/capita/day),g/capita/day,82.0
27675,Botswana,Grand Total,Food supply (kcal/capita/day),kcal/capita/day,2340.0
27676,Botswana,Grand Total,Protein supply quantity (g/capita/day),g/capita/day,65.18
27677,Botswana,Grand Total,Fat supply quantity (g/capita/day),g/capita/day,64.87
29077,Brazil,Grand Total,Food supply (kcal/capita/day),kcal/capita/day,3248.0
29078,Brazil,Grand Total,Protein supply quantity (g/capita/day),g/capita/day,90.86
29079,Brazil,Grand Total,Fat supply quantity (g/capita/day),g/capita/day,124.57
30606,Bulgaria,Grand Total,Food supply (kcal/capita/day),kcal/capita/day,2828.0
30607,Bulgaria,Grand Total,Protein supply quantity (g/capita/day),g/capita/day,83.34
30608,Bulgaria,Grand Total,Fat supply quantity (g/capita/day),g/capita/day,95.48
31999,Burkina Faso,Grand Total,Food supply (kcal/capita/day),kcal/capita/day,2720.0
32000,Burkina Faso,Grand Total,Protein supply quantity (g/capita/day),g/capita/day,76.13
32001,Burkina Faso,Grand Total,Fat supply quantity (g/capita/day),g/capita/day,67.71
33871,Cabo Verde,Grand Total,Food supply (kcal/capita/day),kcal/capita/day,2515.0
33872,Cabo Verde,Grand Total,Protein supply quantity (g/capita/day),g/capita/day,69.34
33873,Cabo Verde,Grand Total,Fat supply quantity (g/capita/day),g/capita/day,68.5
35196,Cambodia,Grand Total,Food supply (kcal/capita/day),kcal/capita/day,2472.0
35197,Cambodia,Grand Total,Protein supply quantity (g/capita/day),g/capita/day,65.4
35198,Cambodia,Grand Total,Fat supply quantity (g/capita/day),g/capita/day,32.81
37066,Cameroon,Grand Total,Food supply (kcal/capita/day),kcal/capita/day,2653.0
37067,Cameroon,Grand Total,Protein supply quantity (g/capita/day),g/capita/day,69.45
37068,Cameroon,Grand Total,Fat supply quantity (g/capita/day),g/capita/day,53.58
38946,Canada,Grand Total,Food supply (kcal/capita/day),kcal/capita/day,3492.0
38947,Canada,Grand Total,Protein supply quantity (g/capita/day),g/capita/day,101.2
38948,Canada,Grand Total,Fat supply quantity (g/capita/day),g/capita/day,153.17
40359,Central African Republic,Grand Total,Food supply (kcal/capita/day),kcal/capita/day,1758.0
40360,Central African Republic,Grand Total,Protein supply quantity (g/capita/day),g/capita/day,46.44
40361,Central African Republic,Grand Total,Fat supply quantity (g/capita/day),g/capita/day,49.02
42195,Chad,Grand Total,Food supply (kcal/capita/day),kcal/capita/day,2090.0
42196,Chad,Grand Total,Protein supply quantity (g/capita/day),g/capita/day,70.51
42197,Chad,Grand Total,Fat supply quantity (g/capita/day),g/capita/day,57.1
44023,Chile,Grand Total,Food supply (kcal/capita/day),kcal/capita/day,3011.0
44024,Chile,Grand Total,Protein supply quantity (g/capita/day),g/capita/day,88.61
44025,Chile,Grand Total,Fat supply quantity (g/capita/day),g/capita/day,88.38
45383,China,Grand Total,Food supply (kcal/capita/day),kcal/capita/day,3194.0
45384,China,Grand Total,Protein supply quantity (g/capita/day),g/capita/day,101.35
45385,China,Grand Total,Fat supply quantity (g/capita/day),g/capita/day,97.58
47309,"China, Hong Kong SAR",Grand Total,Food supply (kcal/capita/day),kcal/capita/day,3358.0
47310,"China, Hong Kong SAR",Grand Total,Protein supply quantity (g/capita/day),g/capita/day,137.93
47311,"China, Hong Kong SAR",Grand Total,Fat supply quantity (g/capita/day),g/capita/day,133.86
48787,"China, Macao SAR",Grand Total,Food supply (kcal/capita/day),kcal/capita/day,3002.0
48788,"China, Macao SAR",Grand Total,Protein supply quantity (g/capita/day),g/capita/day,100.46
48789,"China, Macao SAR",Grand Total,Fat supply quantity (g/capita/day),g/capita/day,131.93
50146,"China, mainland",Grand Total,Food supply (kcal/capita/day),kcal/capita/day,3197.0
50147,"China, mainland",Grand Total,Protein supply quantity (g/capita/day),g/capita/day,101.42
50148,"China, mainland",Grand Total,Fat supply quantity (g/capita/day),g/capita/day,96.86
52047,"China, Taiwan Province of",Grand Total,Food supply (kcal/capita/day),kcal/capita/day,2976.0
52048,"China, Taiwan Province of",Grand Total,Protein supply quantity (g/capita/day),g/capita/day,85.75
52049,"China, Taiwan Province of",Grand Total,Fat supply quantity (g/capita/day),g/capita/day,128.56
53461,Colombia,Grand Total,Food supply (kcal/capita/day),kcal/capita/day,3094.0
53462,Colombia,Grand Total,Protein supply quantity (g/capita/day),g/capita/day,72.36
53463,Colombia,Grand Total,Fat supply quantity (g/capita/day),g/capita/day,84.73
55336,Congo,Grand Total,Food supply (kcal/capita/day),kcal/capita/day,2309.0
55337,Congo,Grand Total,Protein supply quantity (g/capita/day),g/capita/day,55.9
55338,Congo,Grand Total,Fat supply quantity (g/capita/day),g/capita/day,47.18
57212,Costa Rica,Grand Total,Food supply (kcal/capita/day),kcal/capita/day,3015.0
57213,Costa Rica,Grand Total,Protein supply quantity (g/capita/day),g/capita/day,81.16
57214,Costa Rica,Grand Total,Fat supply quantity (g/capita/day),g/capita/day,108.78
58667,Côte d'Ivoire,Grand Total,Food supply (kcal/capita/day),kcal/capita/day,2730.0
58668,Côte d'Ivoire,Grand Total,Protein supply quantity (g/capita/day),g/capita/day,59.18
58669,Côte d'Ivoire,Grand Total,Fat supply quantity (g/capita/day),g/capita/day,55.02
60562,Croatia,Grand Total,Food supply (kcal/capita/day),kcal/capita/day,3083.0
60563,Croatia,Grand Total,Protein supply quantity (g/capita/day),g/capita/day,90.35
60564,Croatia,Grand Total,Fat supply quantity (g/capita/day),g/capita/day,114.5
61903,Cuba,Grand Total,Food supply (kcal/capita/day),kcal/capita/day,3410.0
61904,Cuba,Grand Total,Protein supply quantity (g/capita/day),g/capita/day,88.44
61905,Cuba,Grand Total,Fat supply quantity (g/capita/day),g/capita/day,72.02
63284,Cyprus,Grand Total,Food supply (kcal/capita/day),kcal/capita/day,2616.0
63285,Cyprus,Grand Total,Protein supply quantity (g/capita/day),g/capita/day,80.28
63286,Cyprus,Grand Total,Fat supply quantity (g/capita/day),g/capita/day,111.52
64763,Czechia,Grand Total,Food supply (kcal/capita/day),kcal/capita/day,3276.0
64764,Czechia,Grand Total,Protein supply quantity (g/capita/day),g/capita/day,86.48
64765,Czechia,Grand Total,Fat supply quantity (g/capita/day),g/capita/day,141.69
66121,Democratic People's Republic of Korea,Grand Total,Food supply (kcal/capita/day),kcal/capita/day,2032.0
66122,Democratic People's Republic of Korea,Grand Total,Protein supply quantity (g/capita/day),g/capita/day,52.25
66123,Democratic People's Republic of Korea,Grand Total,Fat supply quantity (g/capita/day),g/capita/day,38.13
67938,Denmark,Grand Total,Food supply (kcal/capita/day),kcal/capita/day,3384.0
67939,Denmark,Grand Total,Protein supply quantity (g/capita/day),g/capita/day,113.05
67940,Denmark,Grand Total,Fat supply quantity (g/capita/day),g/capita/day,131.26
69333,Djibouti,Grand Total,Food supply (kcal/capita/day),kcal/capita/day,2680.0
69334,Djibouti,Grand Total,Protein supply quantity (g/capita/day),g/capita/day,66.69
69335,Djibouti,Grand Total,Fat supply quantity (g/capita/day),g/capita/day,60.16
70497,Dominica,Grand Total,Food supply (kcal/capita/day),kcal/capita/day,2944.0
70498,Dominica,Grand Total,Protein supply quantity (g/capita/day),g/capita/day,78.94
70499,Dominica,Grand Total,Fat supply quantity (g/capita/day),g/capita/day,80.14
71827,Dominican Republic,Grand Total,Food supply (kcal/capita/day),kcal/capita/day,2864.0
71828,Dominican Republic,Grand Total,Protein supply quantity (g/capita/day),g/capita/day,66.88
71829,Dominican Republic,Grand Total,Fat supply quantity (g/capita/day),g/capita/day,106.7
73250,Ecuador,Grand Total,Food supply (kcal/capita/day),kcal/capita/day,2586.0
73251,Ecuador,Grand Total,Protein supply quantity (g/capita/day),g/capita/day,65.78
73252,Ecuador,Grand Total,Fat supply quantity (g/capita/day),g/capita/day,89.31
75143,Egypt,Grand Total,Food supply (kcal/capita/day),kcal/capita/day,3321.0
75144,Egypt,Grand Total,Protein supply quantity (g/capita/day),g/capita/day,96.33
75145,Egypt,Grand Total,Fat supply quantity (g/capita/day),g/capita/day,56.83
76634,El Salvador,Grand Total,Food supply (kcal/capita/day),kcal/capita/day,2660.0
76635,El Salvador,Grand Total,Protein supply quantity (g/capita/day),g/capita/day,74.81
76636,El Salvador,Grand Total,Fat supply quantity (g/capita/day),g/capita/day,64.24
78003,Estonia,Grand Total,Food supply (kcal/capita/day),kcal/capita/day,3245.0
78004,Estonia,Grand Total,Protein supply quantity (g/capita/day),g/capita/day,107.5
78005,Estonia,Grand Total,Fat supply quantity (g/capita/day),g/capita/day,106.45
79355,Eswatini,Grand Total,Food supply (kcal/capita/day),kcal/capita/day,2405.0
79356,Eswatini,Grand Total,Protein supply quantity (g/capita/day),g/capita/day,61.32
79357,Eswatini,Grand Total,Fat supply quantity (g/capita/day),g/capita/day,43.45
80627,Ethiopia,Grand Total,Food supply (kcal/capita/day),kcal/capita/day,2304.0
80628,Ethiopia,Grand Total,Protein supply quantity (g/capita/day),g/capita/day,65.65
80629,Ethiopia,Grand Total,Fat supply quantity (g/capita/day),g/capita/day,26.81
82490,Fiji,Grand Total,Food supply (kcal/capita/day),kcal/capita/day,2937.0
82491,Fiji,Grand Total,Protein supply quantity (g/capita/day),g/capita/day,73.93
82492,Fiji,Grand Total,Fat supply quantity (g/capita/day),g/capita/day,95.29
83915,Finland,Grand Total,Food supply (kcal/capita/day),kcal/capita/day,3337.0
83916,Finland,Grand Total,Protein supply quantity (g/capita/day),g/capita/day,117.78
83917,Finland,Grand Total,Fat supply quantity (g/capita/day),g/capita/day,139.6
85255,France,Grand Total,Food supply (kcal/capita/day),kcal/capita/day,3558.0
85256,France,Grand Total,Protein supply quantity (g/capita/day),g/capita/day,112.09
85257,France,Grand Total,Fat supply quantity (g/capita/day),g/capita/day,157.67
86670,French Polynesia,Grand Total,Food supply (kcal/capita/day),kcal/capita/day,2924.0
86671,French Polynesia,Grand Total,Protein supply quantity (g/capita/day),g/capita/day,97.95
86672,French Polynesia,Grand Total,Fat supply quantity (g/capita/day),g/capita/day,125.3
87996,Gabon,Grand Total,Food supply (kcal/capita/day),kcal/capita/day,2643.0
87997,Gabon,Grand Total,Protein supply quantity (g/capita/day),g/capita/day,79.68
87998,Gabon,Grand Total,Fat supply quantity (g/capita/day),g/capita/day,56.23
89284,Gambia,Grand Total,Food supply (kcal/capita/day),kcal/capita/day,2540.0
89285,Gambia,Grand Total,Protein supply quantity (g/capita/day),g/capita/day,63.8
89286,Gambia,Grand Total,Fat supply quantity (g/capita/day),g/capita/day,80.44
90585,Georgia,Grand Total,Food supply (kcal/capita/day),kcal/capita/day,2872.0
90586,Georgia,Grand Total,Protein supply quantity (g/capita/day),g/capita/day,76.91
90587,Georgia,Grand Total,Fat supply quantity (g/capita/day),g/capita/day,70.02
91872,Germany,Grand Total,Food supply (kcal/capita/day),kcal/capita/day,3556.0
91873,Germany,Grand Total,Protein supply quantity (g/capita/day),g/capita/day,104.2
91874,Germany,Grand Total,Fat supply quantity (g/capita/day),g/capita/day,148.16
93297,Ghana,Grand Total,Food supply (kcal/capita/day),kcal/capita/day,3033.0
93298,Ghana,Grand Total,Protein supply quantity (g/capita/day),g/capita/day,62.96
93299,Ghana,Grand Total,Fat supply quantity (g/capita/day),g/capita/day,40.32
94671,Greece,Grand Total,Food supply (kcal/capita/day),kcal/capita/day,3355.0
94672,Greece,Grand Total,Protein supply quantity (g/capita/day),g/capita/day,105.21
94673,Greece,Grand Total,Fat supply quantity (g/capita/day),g/capita/day,150.99
96109,Grenada,Grand Total,Food supply (kcal/capita/day),kcal/capita/day,2404.0
96110,Grenada,Grand Total,Protein supply quantity (g/capita/day),g/capita/day,70.58
96111,Grenada,Grand Total,Fat supply quantity (g/capita/day),g/capita/day,78.95
97424,Guatemala,Grand Total,Food supply (kcal/capita/day),kcal/capita/day,2549.0
97425,Guatemala,Grand Total,Protein supply quantity (g/capita/day),g/capita/day,69.88
97426,Guatemala,Grand Total,Fat supply quantity (g/capita/day),g/capita/day,60.71
99305,Guinea,Grand Total,Food supply (kcal/capita/day),kcal/capita/day,2795.0
99306,Guinea,Grand Total,Protein supply quantity (g/capita/day),g/capita/day,61.84
99307,Guinea,Grand Total,Fat supply quantity (g/capita/day),g/capita/day,68.8
101169,Guinea-Bissau,Grand Total,Food supply (kcal/capita/day),kcal/capita/day,2253.0
101170,Guinea-Bissau,Grand Total,Protein supply quantity (g/capita/day),g/capita/day,44.15
101171,Guinea-Bissau,Grand Total,Fat supply quantity (g/capita/day),g/capita/day,62.97
102269,Guyana,Grand Total,Food supply (kcal/capita/day),kcal/capita/day,2885.0
102270,Guyana,Grand Total,Protein supply quantity (g/capita/day),g/capita/day,87.87
102271,Guyana,Grand Total,Fat supply quantity (g/capita/day),g/capita/day,65.87
103490,Haiti,Grand Total,Food supply (kcal/capita/day),kcal/capita/day,2164.0
103491,Haiti,Grand Total,Protein supply quantity (g/capita/day),g/capita/day,49.94
103492,Haiti,Grand Total,Fat supply quantity (g/capita/day),g/capita/day,44.32
105335,Honduras,Grand Total,Food supply (kcal/capita/day),kcal/capita/day,2552.0
105336,Honduras,Grand Total,Protein supply quantity (g/capita/day),g/capita/day,64.16
105337,Honduras,Grand Total,Fat supply quantity (g/capita/day),g/capita/day,69.14
106758,Hungary,Grand Total,Food supply (kcal/capita/day),kcal/capita/day,3286.0
106759,Hungary,Grand Total,Protein supply quantity (g/capita/day),g/capita/day,87.92
106760,Hungary,Grand Total,Fat supply quantity (g/capita/day),g/capita/day,153.51
108168,Iceland,Grand Total,Food supply (kcal/capita/day),kcal/capita/day,3628.0
108169,Iceland,Grand Total,Protein supply quantity (g/capita/day),g/capita/day,141.01
108170,Iceland,Grand Total,Fat supply quantity (g/capita/day),g/capita/day,166.84
109479,India,Grand Total,Food supply (kcal/capita/day),kcal/capita/day,2517.0
109480,India,Grand Total,Protein supply quantity (g/capita/day),g/capita/day,65.33
109481,India,Grand Total,Fat supply quantity (g/capita/day),g/capita/day,56.84
111370,Indonesia,Grand Total,Food supply (kcal/capita/day),kcal/capita/day,2892.0
111371,Indonesia,Grand Total,Protein supply quantity (g/capita/day),g/capita/day,68.63
111372,Indonesia,Grand Total,Fat supply quantity (g/capita/day),g/capita/day,55.34
113256,Iran (Islamic Republic of),Grand Total,Food supply (kcal/capita/day),kcal/capita/day,3119.0
113257,Iran (Islamic Republic of),Grand Total,Protein supply quantity (g/capita/day),g/capita/day,87.59
113258,Iran (Islamic Republic of),Grand Total,Fat supply quantity (g/capita/day),g/capita/day,77.69
114608,Iraq,Grand Total,Food supply (kcal/capita/day),kcal/capita/day,2506.0
114609,Iraq,Grand Total,Protein supply quantity (g/capita/day),g/capita/day,60.55
114610,Iraq,Grand Total,Fat supply quantity (g/capita/day),g/capita/day,69.39
116453,Ireland,Grand Total,Food supply (kcal/capita/day),kcal/capita/day,3717.0
116454,Ireland,Grand Total,Protein supply quantity (g/capita/day),g/capita/day,105.94
116455,Ireland,Grand Total,Fat supply quantity (g/capita/day),g/capita/day,141.38
117785,Israel,Grand Total,Food supply (kcal/capita/day),kcal/capita/day,3509.0
117786,Israel,Grand Total,Protein supply quantity (g/capita/day),g/capita/day,122.7
117787,Israel,Grand Total,Fat supply quantity (g/capita/day),g/capita/day,155.75
119149,Italy,Grand Total,Food supply (kcal/capita/day),kcal/capita/day,3522.0
119150,Italy,Grand Total,Protein supply quantity (g/capita/day),g/capita/day,106.75
119151,Italy,Grand Total,Fat supply quantity (g/capita/day),g/capita/day,151.5
120578,Jamaica,Grand Total,Food supply (kcal/capita/day),kcal/capita/day,2757.0
120579,Jamaica,Grand Total,Protein supply quantity (g/capita/day),g/capita/day,72.85
120580,Jamaica,Grand Total,Fat supply quantity (g/capita/day),g/capita/day,78.66
121956,Japan,Grand Total,Food supply (kcal/capita/day),kcal/capita/day,2697.0
121957,Japan,Grand Total,Protein supply quantity (g/capita/day),g/capita/day,86.58
121958,Japan,Grand Total,Fat supply quantity (g/capita/day),g/capita/day,87.7
123392,Jordan,Grand Total,Food supply (kcal/capita/day),kcal/capita/day,2714.0
123393,Jordan,Grand Total,Protein supply quantity (g/capita/day),g/capita/day,69.1
123394,Jordan,Grand Total,Fat supply quantity (g/capita/day),g/capita/day,90.93
124692,Kazakhstan,Grand Total,Food supply (kcal/capita/day),kcal/capita/day,3196.0
124693,Kazakhstan,Grand Total,Protein supply quantity (g/capita/day),g/capita/day,94.99
124694,Kazakhstan,Grand Total,Fat supply quantity (g/capita/day),g/capita/day,128.69
126060,Kenya,Grand Total,Food supply (kcal/capita/day),kcal/capita/day,2124.0
126061,Kenya,Grand Total,Protein supply quantity (g/capita/day),g/capita/day,60.88
126062,Kenya,Grand Total,Fat supply quantity (g/capita/day),g/capita/day,45.09
127623,Kiribati,Grand Total,Food supply (kcal/capita/day),kcal/capita/day,3056.0
127624,Kiribati,Grand Total,Protein supply quantity (g/capita/day),g/capita/day,73.91
127625,Kiribati,Grand Total,Fat supply quantity (g/capita/day),g/capita/day,103.78
128738,Kuwait,Grand Total,Food supply (kcal/capita/day),kcal/capita/day,3446.0
128739,Kuwait,Grand Total,Protein supply quantity (g/capita/day),g/capita/day,99.82
128740,Kuwait,Grand Total,Fat supply quantity (g/capita/day),g/capita/day,105.84
129968,Kyrgyzstan,Grand Total,Food supply (kcal/capita/day),kcal/capita/day,2798.0
129969,Kyrgyzstan,Grand Total,Protein supply quantity (g/capita/day),g/capita/day,85.33
129970,Kyrgyzstan,Grand Total,Fat supply quantity (g/capita/day),g/capita/day,67.02
131222,Lao People's Democratic Republic,Grand Total,Food supply (kcal/capita/day),kcal/capita/day,3047.0
131223,Lao People's Democratic Republic,Grand Total,Protein supply quantity (g/capita/day),g/capita/day,83.2
131224,Lao People's Democratic Republic,Grand Total,Fat supply quantity (g/capita/day),g/capita/day,51.28
132510,Latvia,Grand Total,Food supply (kcal/capita/day),kcal/capita/day,3169.0
132511,Latvia,Grand Total,Protein supply quantity (g/capita/day),g/capita/day,97.32
132512,Latvia,Grand Total,Fat supply quantity (g/capita/day),g/capita/day,124.72
133825,Lebanon,Grand Total,Food supply (kcal/capita/day),kcal/capita/day,2880.0
133826,Lebanon,Grand Total,Protein supply quantity (g/capita/day),g/capita/day,67.68
133827,Lebanon,Grand Total,Fat supply quantity (g/capita/day),g/capita/day,89.66
135168,Lesotho,Grand Total,Food supply (kcal/capita/day),kcal/capita/day,2282.0
135169,Lesotho,Grand Total,Protein supply quantity (g/capita/day),g/capita/day,64.08
135170,Lesotho,Grand Total,Fat supply quantity (g/capita/day),g/capita/day,43.47
136316,Liberia,Grand Total,Food supply (kcal/capita/day),kcal/capita/day,2132.0
136317,Liberia,Grand Total,Protein supply quantity (g/capita/day),g/capita/day,39.89
136318,Liberia,Grand Total,Fat supply quantity (g/capita/day),g/capita/day,55.37
137506,Lithuania,Grand Total,Food supply (kcal/capita/day),kcal/capita/day,3419.0
137507,Lithuania,Grand Total,Protein supply quantity (g/capita/day),g/capita/day,125.18
137508,Lithuania,Grand Total,Fat supply quantity (g/capita/day),g/capita/day,106.63
138811,Luxembourg,Grand Total,Food supply (kcal/capita/day),kcal/capita/day,3335.0
138812,Luxembourg,Grand Total,Protein supply quantity (g/capita/day),g/capita/day,106.06
138813,Luxembourg,Grand Total,Fat supply quantity (g/capita/day),g/capita/day,136.69
140092,Madagascar,Grand Total,Food supply (kcal/capita/day),kcal/capita/day,1903.0
140093,Madagascar,Grand Total,Protein supply quantity (g/capita/day),g/capita/day,42.94
140094,Madagascar,Grand Total,Fat supply quantity (g/capita/day),g/capita/day,23.49
141956,Malawi,Grand Total,Food supply (kcal/capita/day),kcal/capita/day,2647.0
141957,Malawi,Grand Total,Protein supply quantity (g/capita/day),g/capita/day,68.02
141958,Malawi,Grand Total,Fat supply quantity (g/capita/day),g/capita/day,47.21
143812,Malaysia,Grand Total,Food supply (kcal/capita/day),kcal/capita/day,2909.0
143813,Malaysia,Grand Total,Protein supply quantity (g/capita/day),g/capita/day,78.91
143814,Malaysia,Grand Total,Fat supply quantity (g/capita/day),g/capita/day,91.14
145193,Maldives,Grand Total,Food supply (kcal/capita/day),kcal/capita/day,2252.0
145194,Maldives,Grand Total,Protein supply quantity (g/capita/day),g/capita/day,81.72
145195,Maldives,Grand Total,Fat supply quantity (g/capita/day),g/capita/day,48.24
146360,Mali,Grand Total,Food supply (kcal/capita/day),kcal/capita/day,2926.0
146361,Mali,Grand Total,Protein supply quantity (g/capita/day),g/capita/day,84.91
146362,Mali,Grand Total,Fat supply quantity (g/capita/day),g/capita/day,60.28
147642,Malta,Grand Total,Food supply (kcal/capita/day),kcal/capita/day,3460.0
147643,Malta,Grand Total,Protein supply quantity (g/capita/day),g/capita/day,116.35
147644,Malta,Grand Total,Fat supply quantity (g/capita/day),g/capita/day,118.17
148893,Mauritania,Grand Total,Food supply (kcal/capita/day),kcal/capita/day,2842.0
148894,Mauritania,Grand Total,Protein supply quantity (g/capita/day),g/capita/day,79.82
148895,Mauritania,Grand Total,Fat supply quantity (g/capita/day),g/capita/day,72.64
150075,Mauritius,Grand Total,Food supply (kcal/capita/day),kcal/capita/day,3127.0
150076,Mauritius,Grand Total,Protein supply quantity (g/capita/day),g/capita/day,88.56
150077,Mauritius,Grand Total,Fat supply quantity (g/capita/day),g/capita/day,99.94
151456,Mexico,Grand Total,Food supply (kcal/capita/day),kcal/capita/day,3260.0
151457,Mexico,Grand Total,Protein supply quantity (g/capita/day),g/capita/day,93.4
151458,Mexico,Grand Total,Fat supply quantity (g/capita/day),g/capita/day,100.84
153337,Mongolia,Grand Total,Food supply (kcal/capita/day),kcal/capita/day,2371.0
153338,Mongolia,Grand Total,Protein supply quantity (g/capita/day),g/capita/day,82.39
153339,Mongolia,Grand Total,Fat supply quantity (g/capita/day),g/capita/day,95.28
154508,Montenegro,Grand Total,Food supply (kcal/capita/day),kcal/capita/day,3481.0
154509,Montenegro,Grand Total,Protein supply quantity (g/capita/day),g/capita/day,113.31
154510,Montenegro,Grand Total,Fat supply quantity (g/capita/day),g/capita/day,139.63
155704,Morocco,Grand Total,Food supply (kcal/capita/day),kcal/capita/day,3380.0
155705,Morocco,Grand Total,Protein supply quantity (g/capita/day),g/capita/day,98.07
155706,Morocco,Grand Total,Fat supply quantity (g/capita/day),g/capita/day,67.71
157105,Mozambique,Grand Total,Food supply (kcal/capita/day),kcal/capita/day,2304.0
157106,Mozambique,Grand Total,Protein supply quantity (g/capita/day),g/capita/day,51.21
157107,Mozambique,Grand Total,Fat supply quantity (g/capita/day),g/capita/day,40.64
158980,Myanmar,Grand Total,Food supply (kcal/capita/day),kcal/capita/day,2701.0
158981,Myanmar,Grand Total,Protein supply quantity (g/capita/day),g/capita/day,93.35
158982,Myanmar,Grand Total,Fat supply quantity (g/capita/day),g/capita/day,79.99
160846,Namibia,Grand Total,Food supply (kcal/capita/day),kcal/capita/day,2431.0
160847,Namibia,Grand Total,Protein supply quantity (g/capita/day),g/capita/day,62.17
160848,Namibia,Grand Total,Fat supply quantity (g/capita/day),g/capita/day,62.56
162141,Nepal,Grand Total,Food supply (kcal/capita/day),kcal/capita/day,2866.0
162142,Nepal,Grand Total,Protein supply quantity (g/capita/day),g/capita/day,73.7
162143,Nepal,Grand Total,Fat supply quantity (g/capita/day),g/capita/day,60.77
164019,Netherlands,Grand Total,Food supply (kcal/capita/day),kcal/capita/day,3249.0
164020,Netherlands,Grand Total,Protein supply quantity (g/capita/day),g/capita/day,104.62
164021,Netherlands,Grand Total,Fat supply quantity (g/capita/day),g/capita/day,129.51
165384,New Caledonia,Grand Total,Food supply (kcal/capita/day),kcal/capita/day,2752.0
165385,New Caledonia,Grand Total,Protein supply quantity (g/capita/day),g/capita/day,82.77
165386,New Caledonia,Grand Total,Fat supply quantity (g/capita/day),g/capita/day,119.27
166721,New Zealand,Grand Total,Food supply (kcal/capita/day),kcal/capita/day,3156.0
166722,New Zealand,Grand Total,Protein supply quantity (g/capita/day),g/capita/day,90.95
166723,New Zealand,Grand Total,Fat supply quantity (g/capita/day),g/capita/day,116.41
168096,Nicaragua,Grand Total,Food supply (kcal/capita/day),kcal/capita/day,2629.0
168097,Nicaragua,Grand Total,Protein supply quantity (g/capita/day),g/capita/day,66.15
168098,Nicaragua,Grand Total,Fat supply quantity (g/capita/day),g/capita/day,63.51
169427,Niger,Grand Total,Food supply (kcal/capita/day),kcal/capita/day,2579.0
169428,Niger,Grand Total,Protein supply quantity (g/capita/day),g/capita/day,81.89
169429,Niger,Grand Total,Fat supply quantity (g/capita/day),g/capita/day,51.75
171297,Nigeria,Grand Total,Food supply (kcal/capita/day),kcal/capita/day,2464.0
171298,Nigeria,Grand Total,Protein supply quantity (g/capita/day),g/capita/day,55.92
171299,Nigeria,Grand Total,Fat supply quantity (g/capita/day),g/capita/day,49.52
173195,North Macedonia,Grand Total,Food supply (kcal/capita/day),kcal/capita/day,3000.0
173196,North Macedonia,Grand Total,Protein supply quantity (g/capita/day),g/capita/day,80.68
173197,North Macedonia,Grand Total,Fat supply quantity (g/capita/day),g/capita/day,103.36
174507,Norway,Grand Total,Food supply (kcal/capita/day),kcal/capita/day,3385.0
174508,Norway,Grand Total,Protein supply quantity (g/capita/day),g/capita/day,110.16
174509,Norway,Grand Total,Fat supply quantity (g/capita/day),g/capita/day,147.96
175860,Oman,Grand Total,Food supply (kcal/capita/day),kcal/capita/day,2931.0
175861,Oman,Grand Total,Protein supply quantity (g/capita/day),g/capita/day,85.14
175862,Oman,Grand Total,Fat supply quantity (g/capita/day),g/capita/day,76.96
177144,Pakistan,Grand Total,Food supply (kcal/capita/day),kcal/capita/day,2326.0
177145,Pakistan,Grand Total,Protein supply quantity (g/capita/day),g/capita/day,66.25
177146,Pakistan,Grand Total,Fat supply quantity (g/capita/day),g/capita/day,73.36
179045,Panama,Grand Total,Food supply (kcal/capita/day),kcal/capita/day,2839.0
179046,Panama,Grand Total,Protein supply quantity (g/capita/day),g/capita/day,79.48
179047,Panama,Grand Total,Fat supply quantity (g/capita/day),g/capita/day,79.5
180388,Paraguay,Grand Total,Food supply (kcal/capita/day),kcal/capita/day,2740.0
180389,Paraguay,Grand Total,Protein supply quantity (g/capita/day),g/capita/day,72.02
180390,Paraguay,Grand Total,Fat supply quantity (g/capita/day),g/capita/day,91.85
181654,Peru,Grand Total,Food supply (kcal/capita/day),kcal/capita/day,2769.0
181655,Peru,Grand Total,Protein supply quantity (g/capita/day),g/capita/day,78.42
181656,Peru,Grand Total,Fat supply quantity (g/capita/day),g/capita/day,49.75
183567,Philippines,Grand Total,Food supply (kcal/capita/day),kcal/capita/day,2674.0
183568,Philippines,Grand Total,Protein supply quantity (g/capita/day),g/capita/day,62.68
183569,Philippines,Grand Total,Fat supply quantity (g/capita/day),g/capita/day,54.53
185457,Poland,Grand Total,Food supply (kcal/capita/day),kcal/capita/day,3525.0
185458,Poland,Grand Total,Protein supply quantity (g/capita/day),g/capita/day,103.08
185459,Poland,Grand Total,Fat supply quantity (g/capita/day),g/capita/day,128.84
186843,Portugal,Grand Total,Food supply (kcal/capita/day),kcal/capita/day,3492.0
186844,Portugal,Grand Total,Protein supply quantity (g/capita/day),g/capita/day,114.49
186845,Portugal,Grand Total,Fat supply quantity (g/capita/day),g/capita/day,145.12
188235,Republic of Korea,Grand Total,Food supply (kcal/capita/day),kcal/capita/day,3369.0
188236,Republic of Korea,Grand Total,Protein supply quantity (g/capita/day),g/capita/day,97.02
188237,Republic of Korea,Grand Total,Fat supply quantity (g/capita/day),g/capita/day,107.59
189629,Republic of Moldova,Grand Total,Food supply (kcal/capita/day),kcal/capita/day,2395.0
189630,Republic of Moldova,Grand Total,Protein supply quantity (g/capita/day),g/capita/day,63.36
189631,Republic of Moldova,Grand Total,Fat supply quantity (g/capita/day),g/capita/day,68.63
190886,Romania,Grand Total,Food supply (kcal/capita/day),kcal/capita/day,3525.0
190887,Romania,Grand Total,Protein supply quantity (g/capita/day),g/capita/day,106.73
190888,Romania,Grand Total,Fat supply quantity (g/capita/day),g/capita/day,122.84
192259,Russian Federation,Grand Total,Food supply (kcal/capita/day),kcal/capita/day,3362.0
192260,Russian Federation,Grand Total,Protein supply quantity (g/capita/day),g/capita/day,101.86
192261,Russian Federation,Grand Total,Fat supply quantity (g/capita/day),g/capita/day,109.93
193635,Rwanda,Grand Total,Food supply (kcal/capita/day),kcal/capita/day,2215.0
193636,Rwanda,Grand Total,Protein supply quantity (g/capita/day),g/capita/day,59.24
193637,Rwanda,Grand Total,Fat supply quantity (g/capita/day),g/capita/day,27.49
195498,Saint Kitts and Nevis,Grand Total,Food supply (kcal/capita/day),kcal/capita/day,2515.0
195499,Saint Kitts and Nevis,Grand Total,Protein supply quantity (g/capita/day),g/capita/day,76.97
195500,Saint Kitts and Nevis,Grand Total,Fat supply quantity (g/capita/day),g/capita/day,97.33
196758,Saint Lucia,Grand Total,Food supply (kcal/capita/day),kcal/capita/day,2661.0
196759,Saint Lucia,Grand Total,Protein supply quantity (g/capita/day),g/capita/day,86.45
196760,Saint Lucia,Grand Total,Fat supply quantity (g/capita/day),g/capita/day,82.87
198104,Saint Vincent and the Grenadines,Grand Total,Food supply (kcal/capita/day),kcal/capita/day,2960.0
198105,Saint Vincent and the Grenadines,Grand Total,Protein supply quantity (g/capita/day),g/capita/day,89.42
198106,Saint Vincent and the Grenadines,Grand Total,Fat supply quantity (g/capita/day),g/capita/day,79.71
199410,Samoa,Grand Total,Food supply (kcal/capita/day),kcal/capita/day,2974.0
199411,Samoa,Grand Total,Protein supply quantity (g/capita/day),g/capita/day,85.75
199412,Samoa,Grand Total,Fat supply quantity (g/capita/day),g/capita/day,139.18
200686,Sao Tome and Principe,Grand Total,Food supply (kcal/capita/day),kcal/capita/day,2418.0
200687,Sao Tome and Principe,Grand Total,Protein supply quantity (g/capita/day),g/capita/day,52.05
200688,Sao Tome and Principe,Grand Total,Fat supply quantity (g/capita/day),g/capita/day,74.5
201843,Saudi Arabia,Grand Total,Food supply (kcal/capita/day),kcal/capita/day,3194.0
201844,Saudi Arabia,Grand Total,Protein supply quantity (g/capita/day),g/capita/day,87.54
201845,Saudi Arabia,Grand Total,Fat supply quantity (g/capita/day),g/capita/day,103.12
203165,Senegal,Grand Total,Food supply (kcal/capita/day),kcal/capita/day,2612.0
203166,Senegal,Grand Total,Protein supply quantity (g/capita/day),g/capita/day,60.62
203167,Senegal,Grand Total,Fat supply quantity (g/capita/day),g/capita/day,73.65
205070,Serbia,Grand Total,Food supply (kcal/capita/day),kcal/capita/day,2805.0
205071,Serbia,Grand Total,Protein supply quantity (g/capita/day),g/capita/day,82.5
205072,Serbia,Grand Total,Fat supply quantity (g/capita/day),g/capita/day,83.91
206367,Sierra Leone,Grand Total,Food supply (kcal/capita/day),kcal/capita/day,2449.0
206368,Sierra Leone,Grand Total,Protein supply quantity (g/capita/day),g/capita/day,55.68
206369,Sierra Leone,Grand Total,Fat supply quantity (g/capita/day),g/capita/day,53.64
207682,Slovakia,Grand Total,Food supply (kcal/capita/day),kcal/capita/day,2769.0
207683,Slovakia,Grand Total,Protein supply quantity (g/capita/day),g/capita/day,62.72
207684,Slovakia,Grand Total,Fat supply quantity (g/capita/day),g/capita/day,158.73
209022,Slovenia,Grand Total,Food supply (kcal/capita/day),kcal/capita/day,3195.0
209023,Slovenia,Grand Total,Protein supply quantity (g/capita/day),g/capita/day,98.39
209024,Slovenia,Grand Total,Fat supply quantity (g/capita/day),g/capita/day,120.49
210363,Solomon Islands,Grand Total,Food supply (kcal/capita/day),kcal/capita/day,2411.0
210364,Solomon Islands,Grand Total,Protein supply quantity (g/capita/day),g/capita/day,53.66
210365,Solomon Islands,Grand Total,Fat supply quantity (g/capita/day),g/capita/day,50.96
211573,South Africa,Grand Total,Food supply (kcal/capita/day),kcal/capita/day,2994.0
211574,South Africa,Grand Total,Protein supply quantity (g/capita/day),g/capita/day,83.41
211575,South Africa,Grand Total,Fat supply quantity (g/capita/day),g/capita/day,81.95
213090,Spain,Grand Total,Food supply (kcal/capita/day),kcal/capita/day,3270.0
213091,Spain,Grand Total,Protein supply quantity (g/capita/day),g/capita/day,107.11
213092,Spain,Grand Total,Fat supply quantity (g/capita/day),g/capita/day,149.34
214534,Sri Lanka,Grand Total,Food supply (kcal/capita/day),kcal/capita/day,2613.0
214535,Sri Lanka,Grand Total,Protein supply quantity (g/capita/day),g/capita/day,64.38
214536,Sri Lanka,Grand Total,Fat supply quantity (g/capita/day),g/capita/day,50.07
216421,Sudan,Grand Total,Food supply (kcal/capita/day),kcal/capita/day,2433.0
216422,Sudan,Grand Total,Protein supply quantity (g/capita/day),g/capita/day,67.88
216423,Sudan,Grand Total,Fat supply quantity (g/capita/day),g/capita/day,68.16
217824,Suriname,Grand Total,Food supply (kcal/capita/day),kcal/capita/day,2693.0
217825,Suriname,Grand Total,Protein supply quantity (g/capita/day),g/capita/day,60.26
217826,Suriname,Grand Total,Fat supply quantity (g/capita/day),g/capita/day,77.08
219063,Sweden,Grand Total,Food supply (kcal/capita/day),kcal/capita/day,3219.0
219064,Sweden,Grand Total,Protein supply quantity (g/capita/day),g/capita/day,107.21
219065,Sweden,Grand Total,Fat supply quantity (g/capita/day),g/capita/day,135.0
220425,Switzerland,Grand Total,Food supply (kcal/capita/day),kcal/capita/day,3413.0
220426,Switzerland,Grand Total,Protein supply quantity (g/capita/day),g/capita/day,95.58
220427,Switzerland,Grand Total,Fat supply quantity (g/capita/day),g/capita/day,149.45
221766,Tajikistan,Grand Total,Food supply (kcal/capita/day),kcal/capita/day,2104.0
221767,Tajikistan,Grand Total,Protein supply quantity (g/capita/day),g/capita/day,55.39
221768,Tajikistan,Grand Total,Fat supply quantity (g/capita/day),g/capita/day,57.48
223519,Thailand,Grand Total,Food supply (kcal/capita/day),kcal/capita/day,2827.0
223520,Thailand,Grand Total,Protein supply quantity (g/capita/day),g/capita/day,61.0
223521,Thailand,Grand Total,Fat supply quantity (g/capita/day),g/capita/day,64.22
225404,Timor-Leste,Grand Total,Food supply (kcal/capita/day),kcal/capita/day,2140.0
225405,Timor-Leste,Grand Total,Protein supply quantity (g/capita/day),g/capita/day,57.73
225406,Timor-Leste,Grand Total,Fat supply quantity (g/capita/day),g/capita/day,44.98
226465,Togo,Grand Total,Food supply (kcal/capita/day),kcal/capita/day,2429.0
226466,Togo,Grand Total,Protein supply quantity (g/capita/day),g/capita/day,57.32
226467,Togo,Grand Total,Fat supply quantity (g/capita/day),g/capita/day,56.06
227728,Trinidad and Tobago,Grand Total,Food supply (kcal/capita/day),kcal/capita/day,3043.0
227729,Trinidad and Tobago,Grand Total,Protein supply quantity (g/capita/day),g/capita/day,84.65
227730,Trinidad and Tobago,Grand Total,Fat supply quantity (g/capita/day),g/capita/day,88.93
229123,Tunisia,Grand Total,Food supply (kcal/capita/day),kcal/capita/day,3467.0
229124,Tunisia,Grand Total,Protein supply quantity (g/capita/day),g/capita/day,98.98
229125,Tunisia,Grand Total,Fat supply quantity (g/capita/day),g/capita/day,98.33
230435,Turkey,Grand Total,Food supply (kcal/capita/day),kcal/capita/day,3540.0
230436,Turkey,Grand Total,Protein supply quantity (g/capita/day),g/capita/day,101.23
230437,Turkey,Grand Total,Fat supply quantity (g/capita/day),g/capita/day,126.04
231818,Turkmenistan,Grand Total,Food supply (kcal/capita/day),kcal/capita/day,2871.0
231819,Turkmenistan,Grand Total,Protein supply quantity (g/capita/day),g/capita/day,92.85
231820,Turkmenistan,Grand Total,Fat supply quantity (g/capita/day),g/capita/day,86.33
232942,Uganda,Grand Total,Food supply (kcal/capita/day),kcal/capita/day,2144.0
232943,Uganda,Grand Total,Protein supply quantity (g/capita/day),g/capita/day,52.35
232944,Uganda,Grand Total,Fat supply quantity (g/capita/day),g/capita/day,44.67
234491,Ukraine,Grand Total,Food supply (kcal/capita/day),kcal/capita/day,3035.0
234492,Ukraine,Grand Total,Protein supply quantity (g/capita/day),g/capita/day,86.19
234493,Ukraine,Grand Total,Fat supply quantity (g/capita/day),g/capita/day,79.45
235814,United Arab Emirates,Grand Total,Food supply (kcal/capita/day),kcal/capita/day,3366.0
235815,United Arab Emirates,Grand Total,Protein supply quantity (g/capita/day),g/capita/day,107.35
235816,United Arab Emirates,Grand Total,Fat supply quantity (g/capita/day),g/capita/day,89.43
237144,United Kingdom,Grand Total,Food supply (kcal/capita/day),kcal/capita/day,3428.0
237145,United Kingdom,Grand Total,Protein supply quantity (g/capita/day),g/capita/day,104.05
237146,United Kingdom,Grand Total,Fat supply quantity (g/capita/day),g/capita/day,141.03
238509,United Republic of Tanzania,Grand Total,Food supply (kcal/capita/day),kcal/capita/day,2396.0
238510,United Republic of Tanzania,Grand Total,Protein supply quantity (g/capita/day),g/capita/day,59.78
238511,United Republic of Tanzania,Grand Total,Fat supply quantity (g/capita/day),g/capita/day,53.75
240075,United States of America,Grand Total,Food supply (kcal/capita/day),kcal/capita/day,3766.0
240076,United States of America,Grand Total,Protein supply quantity (g/capita/day),g/capita/day,113.73
240077,United States of America,Grand Total,Fat supply quantity (g/capita/day),g/capita/day,167.21
241527,Uruguay,Grand Total,Food supply (kcal/capita/day),kcal/capita/day,3153.0
241528,Uruguay,Grand Total,Protein supply quantity (g/capita/day),g/capita/day,84.43
241529,Uruguay,Grand Total,Fat supply quantity (g/capita/day),g/capita/day,109.73
242842,Uzbekistan,Grand Total,Food supply (kcal/capita/day),kcal/capita/day,3022.0
242843,Uzbekistan,Grand Total,Protein supply quantity (g/capita/day),g/capita/day,93.54
242844,Uzbekistan,Grand Total,Fat supply quantity (g/capita/day),g/capita/day,83.19
244648,Vanuatu,Grand Total,Food supply (kcal/capita/day),kcal/capita/day,2623.0
244649,Vanuatu,Grand Total,Protein supply quantity (g/capita/day),g/capita/day,63.73
244650,Vanuatu,Grand Total,Fat supply quantity (g/capita/day),g/capita/day,98.31
245842,Venezuela (Bolivarian Republic of),Grand Total,Food supply (kcal/capita/day),kcal/capita/day,2247.0
245843,Venezuela (Bolivarian Republic of),Grand Total,Protein supply quantity (g/capita/day),g/capita/day,56.28
245844,Venezuela (Bolivarian Republic of),Grand Total,Fat supply quantity (g/capita/day),g/capita/day,64.84
247717,Viet Nam,Grand Total,Food supply (kcal/capita/day),kcal/capita/day,2938.0
247718,Viet Nam,Grand Total,Protein supply quantity (g/capita/day),g/capita/day,90.03
247719,Viet Nam,Grand Total,Fat supply quantity (g/capita/day),g/capita/day,78.46
249588,Yemen,Grand Total,Food supply (kcal/capita/day),kcal/capita/day,2063.0
249589,Yemen,Grand Total,Protein supply quantity (g/capita/day),g/capita/day,53.23
249590,Yemen,Grand Total,Fat supply quantity (g/capita/day),g/capita/day,38.98
251459,Zambia,Grand Total,Food supply (kcal/capita/day),kcal/capita/day,2013.0
251460,Zambia,Grand Total,Protein supply quantity (g/capita/day),g/capita/day,59.09
251461,Zambia,Grand Total,Fat supply quantity (g/capita/day),g/capita/day,44.68
253326,Zimbabwe,Grand Total,Food supply (kcal/capita/day),kcal/capita/day,2173.0
253327,Zimbabwe,Grand Total,Protein supply quantity (g/capita/day),g/capita/day,51.21
253328,Zimbabwe,Grand Total,Fat supply quantity (g/capita/day),g/capita/day,57.04
255152,World,Grand Total,Food supply (kcal/capita/day),kcal/capita/day,2917.0
255153,World,Grand Total,Protein supply quantity (g/capita/day),g/capita/day,82.84
255154,World,Grand Total,Fat supply quantity (g/capita/day),g/capita/day,84.19
257112,Africa,Grand Total,Food supply (kcal/capita/day),kcal/capita/day,2598.0
257113,Africa,Grand Total,Protein supply quantity (g/capita/day),g/capita/day,67.84
257114,Africa,Grand Total,Fat supply quantity (g/capita/day),g/capita/day,52.89
259043,Eastern Africa,Grand Total,Food supply (kcal/capita/day),kcal/capita/day,2247.0
259044,Eastern Africa,Grand Total,Protein supply quantity (g/capita/day),g/capita/day,59.09
259045,Eastern Africa,Grand Total,Fat supply quantity (g/capita/day),g/capita/day,39.42
260964,Middle Africa,Grand Total,Food supply (kcal/capita/day),kcal/capita/day,2336.0
260965,Middle Africa,Grand Total,Protein supply quantity (g/capita/day),g/capita/day,62.09
260966,Middle Africa,Grand Total,Fat supply quantity (g/capita/day),g/capita/day,51.92
262878,Northern Africa,Grand Total,Food supply (kcal/capita/day),kcal/capita/day,3182.0
262879,Northern Africa,Grand Total,Protein supply quantity (g/capita/day),g/capita/day,90.97
262880,Northern Africa,Grand Total,Fat supply quantity (g/capita/day),g/capita/day,66.89
264517,Southern Africa,Grand Total,Food supply (kcal/capita/day),kcal/capita/day,2918.0
264518,Southern Africa,Grand Total,Protein supply quantity (g/capita/day),g/capita/day,80.99
264519,Southern Africa,Grand Total,Fat supply quantity (g/capita/day),g/capita/day,78.74
266104,Western Africa,Grand Total,Food supply (kcal/capita/day),kcal/capita/day,2593.0
266105,Western Africa,Grand Total,Protein supply quantity (g/capita/day),g/capita/day,61.44
266106,Western Africa,Grand Total,Fat supply quantity (g/capita/day),g/capita/day,53.49
268030,Americas,Grand Total,Food supply (kcal/capita/day),kcal/capita/day,3299.0
268031,Americas,Grand Total,Protein supply quantity (g/capita/day),g/capita/day,94.56
268032,Americas,Grand Total,Fat supply quantity (g/capita/day),g/capita/day,123.21
269984,Northern America,Grand Total,Food supply (kcal/capita/day),kcal/capita/day,3739.0
269985,Northern America,Grand Total,Protein supply quantity (g/capita/day),g/capita/day,112.46
269986,Northern America,Grand Total,Fat supply quantity (g/capita/day),g/capita/day,165.79
271486,Central America,Grand Total,Food supply (kcal/capita/day),kcal/capita/day,3089.0
271487,Central America,Grand Total,Protein supply quantity (g/capita/day),g/capita/day,87.09
271488,Central America,Grand Total,Fat supply quantity (g/capita/day),g/capita/day,92.15
273398,Caribbean,Grand Total,Food supply (kcal/capita/day),kcal/capita/day,2812.0
273399,Caribbean,Grand Total,Protein supply quantity (g/capita/day),g/capita/day,69.85
273400,Caribbean,Grand Total,Fat supply quantity (g/capita/day),g/capita/day,75.04
275321,South America,Grand Total,Food supply (kcal/capita/day),kcal/capita/day,3052.0
275322,South America,Grand Total,Protein supply quantity (g/capita/day),g/capita/day,84.48
275323,South America,Grand Total,Fat supply quantity (g/capita/day),g/capita/day,103.73
277266,Asia,Grand Total,Food supply (kcal/capita/day),kcal/capita/day,2831.0
277267,Asia,Grand Total,Protein supply quantity (g/capita/day),g/capita/day,80.57
277268,Asia,Grand Total,Fat supply quantity (g/capita/day),g/capita/day,74.97
279214,Central Asia,Grand Total,Food supply (kcal/capita/day),kcal/capita/day,2919.0
279215,Central Asia,Grand Total,Protein supply quantity (g/capita/day),g/capita/day,88.36
279216,Central Asia,Grand Total,Fat supply quantity (g/capita/day),g/capita/day,90.42
281102,Eastern Asia,Grand Total,Food supply (kcal/capita/day),kcal/capita/day,3142.0
281103,Eastern Asia,Grand Total,Protein supply quantity (g/capita/day),g/capita/day,99.29
281104,Eastern Asia,Grand Total,Fat supply quantity (g/capita/day),g/capita/day,96.21
283040,Southern Asia,Grand Total,Food supply (kcal/capita/day),kcal/capita/day,2525.0
283041,Southern Asia,Grand Total,Protein supply quantity (g/capita/day),g/capita/day,65.86
283042,Southern Asia,Grand Total,Fat supply quantity (g/capita/day),g/capita/day,57.09
284970,South-Eastern Asia,Grand Total,Food supply (kcal/capita/day),kcal/capita/day,2831.0
284971,South-Eastern Asia,Grand Total,Protein supply quantity (g/capita/day),g/capita/day,72.6
284972,South-Eastern Asia,Grand Total,Fat supply quantity (g/capita/day),g/capita/day,62.73
286901,Western Asia,Grand Total,Food supply (kcal/capita/day),kcal/capita/day,3047.0
286902,Western Asia,Grand Total,Protein supply quantity (g/capita/day),g/capita/day,84.91
286903,Western Asia,Grand Total,Fat supply quantity (g/capita/day),g/capita/day,95.69
288831,Europe,Grand Total,Food supply (kcal/capita/day),kcal/capita/day,3389.0
288832,Europe,Grand Total,Protein supply quantity (g/capita/day),g/capita/day,102.46
288833,Europe,Grand Total,Fat supply quantity (g/capita/day),g/capita/day,131.92
290581,Eastern Europe,Grand Total,Food supply (kcal/capita/day),kcal/capita/day,3299.0
290582,Eastern Europe,Grand Total,Protein supply quantity (g/capita/day),g/capita/day,97.0
290583,Eastern Europe,Grand Total,Fat supply quantity (g/capita/day),g/capita/day,111.69
292137,Northern Europe,Grand Total,Food supply (kcal/capita/day),kcal/capita/day,3405.0
292138,Northern Europe,Grand Total,Protein supply quantity (g/capita/day),g/capita/day,106.58
292139,Northern Europe,Grand Total,Fat supply quantity (g/capita/day),g/capita/day,138.61
293755,Southern Europe,Grand Total,Food supply (kcal/capita/day),kcal/capita/day,3358.0
293756,Southern Europe,Grand Total,Protein supply quantity (g/capita/day),g/capita/day,104.99
293757,Southern Europe,Grand Total,Fat supply quantity (g/capita/day),g/capita/day,142.06
295345,Western Europe,Grand Total,Food supply (kcal/capita/day),kcal/capita/day,3542.0
295346,Western Europe,Grand Total,Protein supply quantity (g/capita/day),g/capita/day,106.53
295347,Western Europe,Grand Total,Fat supply quantity (g/capita/day),g/capita/day,151.03
296886,Oceania,Grand Total,Food supply (kcal/capita/day),kcal/capita/day,3242.0
296887,Oceania,Grand Total,Protein supply quantity (g/capita/day),g/capita/day,102.59
296888,Oceania,Grand Total,Fat supply quantity (g/capita/day),g/capita/day,143.42
298536,Australia and New Zealand,Grand Total,Food supply (kcal/capita/day),kcal/capita/day,3286.0
298537,Australia and New Zealand,Grand Total,Protein supply quantity (g/capita/day),g/capita/day,105.35
298538,Australia and New Zealand,Grand Total,Fat supply quantity (g/capita/day),g/capita/day,147.89
300022,Melanesia,Grand Total,Food supply (kcal/capita/day),kcal/capita/day,2708.0
300023,Melanesia,Grand Total,Protein supply quantity (g/capita/day),g/capita/day,67.5
300024,Melanesia,Grand Total,Fat supply quantity (g/capita/day),g/capita/day,85.33
301528,Micronesia,Grand Total,Food supply (kcal/capita/day),kcal/capita/day,3056.0
301529,Micronesia,Grand Total,Protein supply quantity (g/capita/day),g/capita/day,73.91
301530,Micronesia,Grand Total,Fat supply quantity (g/capita/day),g/capita/day,103.78
302642,Polynesia,Grand Total,Food supply (kcal/capita/day),kcal/capita/day,2945.0
302643,Polynesia,Grand Total,Protein supply quantity (g/capita/day),g/capita/day,92.9
302644,Polynesia,Grand Total,Fat supply quantity (g/capita/day),g/capita/day,131.05
304065,European Union,Grand Total,Food supply (kcal/capita/day),kcal/capita/day,3448.0
304066,European Union,Grand Total,Protein supply quantity (g/capita/day),g/capita/day,104.84
304067,European Union,Grand Total,Fat supply quantity (g/capita/day),g/capita/day,144.21
305818,Least Developed Countries,Grand Total,Food supply (kcal/capita/day),kcal/capita/day,2425.0
305819,Least Developed Countries,Grand Total,Protein supply quantity (g/capita/day),g/capita/day,63.63
305820,Least Developed Countries,Grand Total,Fat supply quantity (g/capita/day),g/capita/day,45.97
307746,Land Locked Developing Countries,Grand Total,Food supply (kcal/capita/day),kcal/capita/day,2474.0
307747,Land Locked Developing Countries,Grand Total,Protein supply quantity (g/capita/day),g/capita/day,69.92
307748,Land Locked Developing Countries,Grand Total,Fat supply quantity (g/capita/day),g/capita/day,52.27
309673,Small Island Developing States,Grand Total,Food supply (kcal/capita/day),kcal/capita/day,2767.0
309674,Small Island Developing States,Grand Total,Protein supply quantity (g/capita/day),g/capita/day,69.4
309675,Small Island Developing States,Grand Total,Fat supply quantity (g/capita/day),g/capita/day,75.09
311602,Low Income Food Deficit Countries,Grand Total,Food supply (kcal/capita/day),kcal/capita/day,2502.0
311603,Low Income Food Deficit Countries,Grand Total,Protein supply quantity (g/capita/day),g/capita/day,65.21
311604,Low Income Food Deficit Countries,Grand Total,Fat supply quantity (g/capita/day),g/capita/day,53.31
313531,Net Food Importing Developing Countries,Grand Total,Food supply (kcal/capita/day),kcal/capita/day,2521.0
313532,Net Food Importing Developing Countries,Grand Total,Protein supply quantity (g/capita/day),g/capita/day,67.8
313533,Net Food Importing Developing Countries,Grand Total,Fat supply quantity (g/capita/day),g/capita/day,53.82
